firstname,lastname,email,campus
Nicholas,Houston,nicholas.houston@whitecliffe.ac.nz,"Auckland, Wellington, Christchurch"
Amy,Anderson,amy.anderson@whitecliffe.ac.nz,"Auckland, Wellington, Christchurch"
Craig,Williams,craig.williams@whitecliffe.ac.nz,"Auckland, Wellington, Christchurch"
Karen,Klein,karen.klein@whitecliffe.ac.nz,"Auckland, Wellington, Christchurch"
Courtney,Garcia,courtney.garcia@whitecliffe.ac.nz,"Auckland, Wellington, Christchurch"
William,Delacruz,william.delacruz@whitecliffe.ac.nz,"Auckland, Wellington, Christchurch"
John,Jackson,john.jackson@whitecliffe.ac.nz,"Auckland, Wellington, Christchurch"
Deanna,Rodriguez,deanna.rodriguez@whitecliffe.ac.nz,"Auckland, Wellington, Christchurch"
Brian,White,brian.white@whitecliffe.ac.nz,"Auckland, Wellington, Christchurch"
Katelyn,Smith,katelyn.smith@whitecliffe.ac.nz,"Auckland, Wellington, Christchurch"
Tiffany,Moss,tiffany.moss@whitecliffe.ac.nz,"Auckland, Wellington, Christchurch"
Joan,Nguyen,joan.nguyen@whitecliffe.ac.nz,"Auckland, Wellington, Christchurch"
Craig,Sparks,craig.sparks@whitecliffe.ac.nz,"Auckland, Wellington, Christchurch"
Hayley,Pollard,hayley.pollard@whitecliffe.ac.nz,"Auckland, Wellington, Christchurch"
Tracy,Hill,tracy.hill@whitecliffe.ac.nz,"Auckland, Wellington, Christchurch"
Eugene,Williams,eugene.williams@whitecliffe.ac.nz,"Auckland, Wellington, Christchurch"
Gail,Ford,gail.ford@whitecliffe.ac.nz,"Auckland, Wellington, Christchurch"
Robert,Williams,robert.williams@whitecliffe.ac.nz,"Auckland, Wellington, Christchurch"
Christy,Hughes,christy.hughes@whitecliffe.ac.nz,"Auckland, Wellington, Christchurch"
Jackie,Elliott,jackie.elliott@whitecliffe.ac.nz,"Auckland, Wellington, Christchurch"
Dawn,Benton,dawn.benton@whitecliffe.ac.nz,"Auckland, Wellington, Christchurch"
Timothy,Dominguez,timothy.dominguez@whitecliffe.ac.nz,"Auckland, Wellington, Christchurch"
John,Dean,john.dean@whitecliffe.ac.nz,"Auckland, Wellington, Christchurch"
Kenneth,Chavez,kenneth.chavez@whitecliffe.ac.nz,"Auckland, Wellington, Christchurch"
Lisa,Harrell,lisa.harrell@whitecliffe.ac.nz,"Auckland, Wellington, Christchurch"
Johnathan,Martinez,johnathan.martinez@whitecliffe.ac.nz,"Auckland, Wellington, Christchurch"
Erika,Chavez,erika.chavez@whitecliffe.ac.nz,"Auckland, Wellington, Christchurch"
Jessica,Sawyer,jessica.sawyer@whitecliffe.ac.nz,"Auckland, Wellington, Christchurch"
Reginald,Scott,reginald.scott@whitecliffe.ac.nz,"Auckland, Wellington, Christchurch"
Steven,Kelly,steven.kelly@whitecliffe.ac.nz,"Auckland, Wellington, Christchurch"
Courtney,Washington,courtney.washington@whitecliffe.ac.nz,"Auckland, Wellington, Christchurch"
Adrian,Gilmore,adrian.gilmore@whitecliffe.ac.nz,"Auckland, Wellington, Christchurch"
Andrea,Hartman,andrea.hartman@whitecliffe.ac.nz,"Auckland, Wellington, Christchurch"
Terri,Le,terri.le@whitecliffe.ac.nz,"Auckland, Wellington, Christchurch"
Renee,Mcconnell,renee.mcconnell@whitecliffe.ac.nz,"Auckland, Wellington, Christchurch"
Christian,Miller,christian.miller@whitecliffe.ac.nz,"Auckland, Wellington, Christchurch"
Deanna,Wheeler,deanna.wheeler@whitecliffe.ac.nz,"Auckland, Wellington, Christchurch"
Nathan,Carter,nathan.carter@whitecliffe.ac.nz,"Auckland, Wellington, Christchurch"
Michelle,Watkins,michelle.watkins@whitecliffe.ac.nz,"Auckland, Wellington, Christchurch"
Kathryn,Krause,kathryn.krause@whitecliffe.ac.nz,"Auckland, Wellington, Christchurch"
Veronica,York,veronica.york@whitecliffe.ac.nz,"Auckland, Wellington, Christchurch"
Corey,Johnson,corey.johnson@whitecliffe.ac.nz,"Auckland, Wellington, Christchurch"
Aaron,Padilla,aaron.padilla@whitecliffe.ac.nz,"Auckland, Wellington, Christchurch"
Jeffery,Jones,jeffery.jones@whitecliffe.ac.nz,"Auckland, Wellington, Christchurch"
Martin,Gilbert,martin.gilbert@whitecliffe.ac.nz,"Auckland, Wellington, Christchurch"
Nicholas,Ross,nicholas.ross@whitecliffe.ac.nz,"Auckland, Wellington, Christchurch"
Matthew,Lewis,matthew.lewis@whitecliffe.ac.nz,"Auckland, Wellington, Christchurch"
Phillip,Bowen,phillip.bowen@whitecliffe.ac.nz,"Auckland, Wellington, Christchurch"
Renee,Allen,renee.allen@whitecliffe.ac.nz,"Auckland, Wellington, Christchurch"
Anthony,Sweeney,anthony.sweeney@whitecliffe.ac.nz,"Auckland, Wellington, Christchurch"
Ann,Hurst,ann.hurst@whitecliffe.ac.nz,"Auckland, Wellington, Christchurch"
Susan,Freeman,susan.freeman@whitecliffe.ac.nz,"Auckland, Wellington, Christchurch"
David,Horton,david.horton@whitecliffe.ac.nz,"Auckland, Wellington, Christchurch"
Tara,Woodard,tara.woodard@whitecliffe.ac.nz,"Auckland, Wellington, Christchurch"
Amy,Olson,amy.olson@whitecliffe.ac.nz,"Auckland, Wellington, Christchurch"
Alison,Lee,alison.lee@whitecliffe.ac.nz,"Auckland, Wellington, Christchurch"
Brad,Wood,brad.wood@whitecliffe.ac.nz,"Auckland, Wellington, Christchurch"
Kristin,Miller,kristin.miller@whitecliffe.ac.nz,"Auckland, Wellington, Christchurch"
Christina,Sims,christina.sims@whitecliffe.ac.nz,"Auckland, Wellington, Christchurch"
David,Barron,david.barron@whitecliffe.ac.nz,"Auckland, Wellington, Christchurch"
Christina,Snyder,christina.snyder@whitecliffe.ac.nz,"Auckland, Wellington, Christchurch"
Barry,Simmons,barry.simmons@whitecliffe.ac.nz,"Auckland, Wellington, Christchurch"
Lauren,Young,lauren.young@whitecliffe.ac.nz,"Auckland, Wellington, Christchurch"
Troy,Pearson,troy.pearson@whitecliffe.ac.nz,"Auckland, Wellington, Christchurch"
Amanda,Hayes,amanda.hayes@whitecliffe.ac.nz,"Auckland, Wellington, Christchurch"
Jason,Miller,jason.miller@whitecliffe.ac.nz,"Auckland, Wellington, Christchurch"
Rebecca,Austin,rebecca.austin@whitecliffe.ac.nz,"Auckland, Wellington, Christchurch"
Mark,Porter,mark.porter@whitecliffe.ac.nz,"Auckland, Wellington, Christchurch"
Jennifer,Banks,jennifer.banks@whitecliffe.ac.nz,"Auckland, Wellington, Christchurch"
Lisa,Berry,lisa.berry@whitecliffe.ac.nz,"Auckland, Wellington, Christchurch"
Shannon,Leon,shannon.leon@whitecliffe.ac.nz,"Auckland, Wellington, Christchurch"
Stephen,Smith,stephen.smith@whitecliffe.ac.nz,"Auckland, Wellington, Christchurch"
Marcus,Robinson,marcus.robinson@whitecliffe.ac.nz,"Auckland, Wellington, Christchurch"
Alexandria,Goodman,alexandria.goodman@whitecliffe.ac.nz,"Auckland, Wellington, Christchurch"
Sarah,Hunt,sarah.hunt@whitecliffe.ac.nz,"Auckland, Wellington, Christchurch"
Scott,Lynch,scott.lynch@whitecliffe.ac.nz,"Auckland, Wellington, Christchurch"
Jaclyn,Brown,jaclyn.brown@whitecliffe.ac.nz,"Auckland, Wellington, Christchurch"
Alexandra,Briggs,alexandra.briggs@whitecliffe.ac.nz,"Auckland, Wellington, Christchurch"
David,Kelly,david.kelly@whitecliffe.ac.nz,"Auckland, Wellington, Christchurch"
Chad,Webb,chad.webb@whitecliffe.ac.nz,"Auckland, Wellington, Christchurch"
Thomas,Conway,thomas.conway@whitecliffe.ac.nz,"Auckland, Wellington, Christchurch"
Michael,Hughes,michael.hughes@whitecliffe.ac.nz,"Auckland, Wellington, Christchurch"
Lisa,Anderson,lisa.anderson@whitecliffe.ac.nz,"Auckland, Wellington, Christchurch"
Daniel,Moore,daniel.moore@whitecliffe.ac.nz,"Auckland, Wellington, Christchurch"
Carol,Bailey,carol.bailey@whitecliffe.ac.nz,"Auckland, Wellington, Christchurch"
Paul,Cook,paul.cook@whitecliffe.ac.nz,"Auckland, Wellington, Christchurch"
Amy,Hubbard,amy.hubbard@whitecliffe.ac.nz,"Auckland, Wellington, Christchurch"
Lisa,Williams,lisa.williams@whitecliffe.ac.nz,"Auckland, Wellington, Christchurch"
Ronald,Jones,ronald.jones@whitecliffe.ac.nz,"Auckland, Wellington, Christchurch"
Christopher,Massey,christopher.massey@whitecliffe.ac.nz,"Auckland, Wellington, Christchurch"
Cody,Arnold,cody.arnold@whitecliffe.ac.nz,"Auckland, Wellington, Christchurch"
Leslie,Montoya,leslie.montoya@whitecliffe.ac.nz,"Auckland, Wellington, Christchurch"
Vanessa,Nolan,vanessa.nolan@whitecliffe.ac.nz,"Auckland, Wellington, Christchurch"
Christine,Yang,christine.yang@whitecliffe.ac.nz,"Auckland, Wellington, Christchurch"
Brenda,Lopez,brenda.lopez@whitecliffe.ac.nz,"Auckland, Wellington, Christchurch"
Eric,Hobbs,eric.hobbs@whitecliffe.ac.nz,"Auckland, Wellington, Christchurch"
Franklin,Reed,franklin.reed@whitecliffe.ac.nz,"Auckland, Wellington, Christchurch"
Brendan,Turner,brendan.turner@whitecliffe.ac.nz,"Auckland, Wellington, Christchurch"
Gary,Franco,gary.franco@whitecliffe.ac.nz,"Auckland, Wellington, Christchurch"
Robyn,Shelton,robyn.shelton@whitecliffe.ac.nz,"Auckland, Wellington, Christchurch"
Justin,Smith,justin.smith@whitecliffe.ac.nz,"Auckland, Wellington, Christchurch"
Lori,Chapman,lori.chapman@whitecliffe.ac.nz,"Auckland, Wellington, Christchurch"
Melissa,Morris,melissa.morris@whitecliffe.ac.nz,"Auckland, Wellington, Christchurch"
Rebecca,Skinner,rebecca.skinner@whitecliffe.ac.nz,"Auckland, Wellington, Christchurch"
Carl,Fox,carl.fox@whitecliffe.ac.nz,"Auckland, Wellington, Christchurch"
Rebecca,Vang,rebecca.vang@whitecliffe.ac.nz,"Auckland, Wellington, Christchurch"
Michael,Levy,michael.levy@whitecliffe.ac.nz,"Auckland, Wellington, Christchurch"
Tina,Valentine,tina.valentine@whitecliffe.ac.nz,"Auckland, Wellington, Christchurch"
Kristen,Soto,kristen.soto@whitecliffe.ac.nz,"Auckland, Wellington, Christchurch"
Carol,Walker,carol.walker@whitecliffe.ac.nz,"Auckland, Wellington, Christchurch"
Ryan,Hoffman,ryan.hoffman@whitecliffe.ac.nz,"Auckland, Wellington, Christchurch"
Vanessa,Rodriguez,vanessa.rodriguez@whitecliffe.ac.nz,"Auckland, Wellington, Christchurch"
Arthur,Phillips,arthur.phillips@whitecliffe.ac.nz,"Auckland, Wellington, Christchurch"
Catherine,Wilson,catherine.wilson@whitecliffe.ac.nz,"Auckland, Wellington, Christchurch"
Ashley,Morris,ashley.morris@whitecliffe.ac.nz,"Auckland, Wellington, Christchurch"
Vickie,Alvarez,vickie.alvarez@whitecliffe.ac.nz,"Auckland, Wellington, Christchurch"
Daniel,Ellis,daniel.ellis@whitecliffe.ac.nz,"Auckland, Wellington, Christchurch"
Wanda,Charles,wanda.charles@whitecliffe.ac.nz,"Auckland, Wellington, Christchurch"
Anne,Thompson,anne.thompson@whitecliffe.ac.nz,"Auckland, Wellington, Christchurch"
Paula,Ross,paula.ross@whitecliffe.ac.nz,"Auckland, Wellington, Christchurch"
Andrea,Mathis,andrea.mathis@whitecliffe.ac.nz,"Auckland, Wellington, Christchurch"
Kevin,Goodwin,kevin.goodwin@whitecliffe.ac.nz,"Auckland, Wellington, Christchurch"
Johnathan,Hood,johnathan.hood@whitecliffe.ac.nz,"Auckland, Wellington, Christchurch"
Jodi,Long,jodi.long@whitecliffe.ac.nz,"Auckland, Wellington, Christchurch"
Kevin,Berry,kevin.berry@whitecliffe.ac.nz,"Auckland, Wellington, Christchurch"
Tyler,Gutierrez,tyler.gutierrez@whitecliffe.ac.nz,"Auckland, Wellington, Christchurch"
Brad,Potter,brad.potter@whitecliffe.ac.nz,"Auckland, Wellington, Christchurch"
Robin,Morales,robin.morales@whitecliffe.ac.nz,"Auckland, Wellington, Christchurch"
Kari,Bishop,kari.bishop@whitecliffe.ac.nz,"Auckland, Wellington, Christchurch"
Dustin,Martinez,dustin.martinez@whitecliffe.ac.nz,"Auckland, Wellington, Christchurch"
Melissa,Taylor,melissa.taylor@whitecliffe.ac.nz,"Auckland, Wellington, Christchurch"
Brad,Daniels,brad.daniels@whitecliffe.ac.nz,"Auckland, Wellington, Christchurch"
William,Frost,william.frost@whitecliffe.ac.nz,"Auckland, Wellington, Christchurch"
Joel,Jackson,joel.jackson@whitecliffe.ac.nz,"Auckland, Wellington, Christchurch"
William,Fisher,william.fisher@whitecliffe.ac.nz,"Auckland, Wellington, Christchurch"
Jennifer,Stark,jennifer.stark@whitecliffe.ac.nz,"Auckland, Wellington, Christchurch"
Tammy,Watson,tammy.watson@whitecliffe.ac.nz,"Auckland, Wellington, Christchurch"
Angela,Cross,angela.cross@whitecliffe.ac.nz,"Auckland, Wellington, Christchurch"
Craig,Wright,craig.wright@whitecliffe.ac.nz,"Auckland, Wellington, Christchurch"
Jacqueline,Hoffman,jacqueline.hoffman@whitecliffe.ac.nz,"Auckland, Wellington, Christchurch"
Tamara,Medina,tamara.medina@whitecliffe.ac.nz,"Auckland, Wellington, Christchurch"
Christine,Curtis,christine.curtis@whitecliffe.ac.nz,"Auckland, Wellington, Christchurch"
Samantha,Smith,samantha.smith@whitecliffe.ac.nz,"Auckland, Wellington, Christchurch"
Julie,Matthews,julie.matthews@whitecliffe.ac.nz,"Auckland, Wellington, Christchurch"
Johnny,Hughes,johnny.hughes@whitecliffe.ac.nz,"Auckland, Wellington, Christchurch"
Justin,Jackson,justin.jackson@whitecliffe.ac.nz,"Auckland, Wellington, Christchurch"
Janet,Zimmerman,janet.zimmerman@whitecliffe.ac.nz,"Auckland, Wellington, Christchurch"
Leah,Stephens,leah.stephens@whitecliffe.ac.nz,"Auckland, Wellington, Christchurch"
William,Conway,william.conway@whitecliffe.ac.nz,"Auckland, Wellington, Christchurch"
Marisa,Harris,marisa.harris@whitecliffe.ac.nz,"Auckland, Wellington, Christchurch"
Anna,Phillips,anna.phillips@whitecliffe.ac.nz,"Auckland, Wellington, Christchurch"
Teresa,Clayton,teresa.clayton@whitecliffe.ac.nz,"Auckland, Wellington, Christchurch"
Ryan,Newman,ryan.newman@whitecliffe.ac.nz,"Auckland, Wellington, Christchurch"
Patrick,Schmidt,patrick.schmidt@whitecliffe.ac.nz,"Auckland, Wellington, Christchurch"
Robert,Sullivan,robert.sullivan@whitecliffe.ac.nz,"Auckland, Wellington, Christchurch"
Crystal,Garner,crystal.garner@whitecliffe.ac.nz,"Auckland, Wellington, Christchurch"
Lisa,Browning,lisa.browning@whitecliffe.ac.nz,"Auckland, Wellington, Christchurch"
Stephanie,King,stephanie.king@whitecliffe.ac.nz,"Auckland, Wellington, Christchurch"
Chloe,Gonzalez,chloe.gonzalez@whitecliffe.ac.nz,"Auckland, Wellington, Christchurch"
David,Taylor,david.taylor@whitecliffe.ac.nz,"Auckland, Wellington, Christchurch"
Kevin,Gordon,kevin.gordon@whitecliffe.ac.nz,"Auckland, Wellington, Christchurch"
Russell,Garcia,russell.garcia@whitecliffe.ac.nz,"Auckland, Wellington, Christchurch"
Cynthia,Olson,cynthia.olson@whitecliffe.ac.nz,"Auckland, Wellington, Christchurch"
Nathan,Harmon,nathan.harmon@whitecliffe.ac.nz,"Auckland, Wellington, Christchurch"
Jimmy,Wade,jimmy.wade@whitecliffe.ac.nz,"Auckland, Wellington, Christchurch"
Jennifer,Hart,jennifer.hart@whitecliffe.ac.nz,"Auckland, Wellington, Christchurch"
Felicia,Johnson,felicia.johnson@whitecliffe.ac.nz,"Auckland, Wellington, Christchurch"
Jennifer,Rogers,jennifer.rogers@whitecliffe.ac.nz,"Auckland, Wellington, Christchurch"
John,Bush,john.bush@whitecliffe.ac.nz,"Auckland, Wellington, Christchurch"
Lisa,Pierce,lisa.pierce@whitecliffe.ac.nz,"Auckland, Wellington, Christchurch"
Robert,Young,robert.young@whitecliffe.ac.nz,"Auckland, Wellington, Christchurch"
Ruth,Taylor,ruth.taylor@whitecliffe.ac.nz,"Auckland, Wellington, Christchurch"
Teresa,Fritz,teresa.fritz@whitecliffe.ac.nz,"Auckland, Wellington, Christchurch"
April,Deleon,april.deleon@whitecliffe.ac.nz,"Auckland, Wellington, Christchurch"
John,Zuniga,john.zuniga@whitecliffe.ac.nz,"Auckland, Wellington, Christchurch"
Erin,Young,erin.young@whitecliffe.ac.nz,"Auckland, Wellington, Christchurch"
Jessica,Mayer,jessica.mayer@whitecliffe.ac.nz,"Auckland, Wellington, Christchurch"
Alicia,Russo,alicia.russo@whitecliffe.ac.nz,"Auckland, Wellington, Christchurch"
Logan,Wells,logan.wells@whitecliffe.ac.nz,"Auckland, Wellington, Christchurch"
Michael,Carlson,michael.carlson@whitecliffe.ac.nz,"Auckland, Wellington, Christchurch"
John,Nichols,john.nichols@whitecliffe.ac.nz,"Auckland, Wellington, Christchurch"
George,Hart,george.hart@whitecliffe.ac.nz,"Auckland, Wellington, Christchurch"
Michelle,Burke,michelle.burke@whitecliffe.ac.nz,"Auckland, Wellington, Christchurch"
Tracy,Black,tracy.black@whitecliffe.ac.nz,"Auckland, Wellington, Christchurch"
Michael,Jordan,michael.jordan@whitecliffe.ac.nz,"Auckland, Wellington, Christchurch"
Elizabeth,Owens,elizabeth.owens@whitecliffe.ac.nz,"Auckland, Wellington, Christchurch"
Jerry,Colon,jerry.colon@whitecliffe.ac.nz,"Auckland, Wellington, Christchurch"
Allison,Miller,allison.miller@whitecliffe.ac.nz,"Auckland, Wellington, Christchurch"
Jennifer,Harrison,jennifer.harrison@whitecliffe.ac.nz,"Auckland, Wellington, Christchurch"
Karen,Anderson,karen.anderson@whitecliffe.ac.nz,"Auckland, Wellington, Christchurch"
Kathryn,Lane,kathryn.lane@whitecliffe.ac.nz,"Auckland, Wellington, Christchurch"
Rachel,Walker,rachel.walker@whitecliffe.ac.nz,"Auckland, Wellington, Christchurch"
Jennifer,Campbell,jennifer.campbell@whitecliffe.ac.nz,"Auckland, Wellington, Christchurch"
Renee,Nielsen,renee.nielsen@whitecliffe.ac.nz,"Auckland, Wellington, Christchurch"
Elizabeth,Robinson,elizabeth.robinson@whitecliffe.ac.nz,"Auckland, Wellington, Christchurch"
Dana,Johnson,dana.johnson@whitecliffe.ac.nz,"Auckland, Wellington, Christchurch"
Jennifer,Coleman,jennifer.coleman@whitecliffe.ac.nz,"Auckland, Wellington, Christchurch"
Donna,Davis,donna.davis@whitecliffe.ac.nz,"Auckland, Wellington, Christchurch"
Edward,Martinez,edward.martinez@whitecliffe.ac.nz,"Auckland, Wellington, Christchurch"
Amanda,Boyd,amanda.boyd@whitecliffe.ac.nz,"Auckland, Wellington, Christchurch"
Benjamin,Peters,benjamin.peters@whitecliffe.ac.nz,"Auckland, Wellington, Christchurch"
Daniel,Becker,daniel.becker@whitecliffe.ac.nz,"Auckland, Wellington, Christchurch"
Wanda,Harris,wanda.harris@whitecliffe.ac.nz,"Auckland, Wellington, Christchurch"
Brandon,Gomez,brandon.gomez@whitecliffe.ac.nz,"Auckland, Wellington, Christchurch"
Wayne,Chandler,wayne.chandler@whitecliffe.ac.nz,"Auckland, Wellington, Christchurch"
Scott,Sims,scott.sims@whitecliffe.ac.nz,"Auckland, Wellington, Christchurch"
Jasmine,Fowler,jasmine.fowler@whitecliffe.ac.nz,"Auckland, Wellington, Christchurch"
Bryan,Thompson,bryan.thompson@whitecliffe.ac.nz,"Auckland, Wellington, Christchurch"
Lisa,Shields,lisa.shields@whitecliffe.ac.nz,"Auckland, Wellington, Christchurch"
James,Baird,james.baird@whitecliffe.ac.nz,"Auckland, Wellington, Christchurch"
Cassandra,Parker,cassandra.parker@whitecliffe.ac.nz,"Auckland, Wellington, Christchurch"
Vincent,Bryant,vincent.bryant@whitecliffe.ac.nz,"Auckland, Wellington, Christchurch"
Kelly,Flores,kelly.flores@whitecliffe.ac.nz,"Auckland, Wellington, Christchurch"
Gabriel,Martin,gabriel.martin@whitecliffe.ac.nz,"Auckland, Wellington, Christchurch"
George,Williams,george.williams@whitecliffe.ac.nz,"Auckland, Wellington, Christchurch"
Laura,Murray,laura.murray@whitecliffe.ac.nz,"Auckland, Wellington, Christchurch"
Rhonda,Gibbs,rhonda.gibbs@whitecliffe.ac.nz,"Auckland, Wellington, Christchurch"
Jodi,Leonard,jodi.leonard@whitecliffe.ac.nz,"Auckland, Wellington, Christchurch"
Andrea,Khan,andrea.khan@whitecliffe.ac.nz,"Auckland, Wellington, Christchurch"
Philip,Wright,philip.wright@whitecliffe.ac.nz,"Auckland, Wellington, Christchurch"
David,Hogan,david.hogan@whitecliffe.ac.nz,"Auckland, Wellington, Christchurch"
Jessica,Sawyer,jessica.sawyer@whitecliffe.ac.nz,"Auckland, Wellington, Christchurch"
Krystal,Stewart,krystal.stewart@whitecliffe.ac.nz,"Auckland, Wellington, Christchurch"
Anita,Calhoun,anita.calhoun@whitecliffe.ac.nz,"Auckland, Wellington, Christchurch"
Erik,Rogers,erik.rogers@whitecliffe.ac.nz,"Auckland, Wellington, Christchurch"
William,Roy,william.roy@whitecliffe.ac.nz,"Auckland, Wellington, Christchurch"
Sharon,Jones,sharon.jones@whitecliffe.ac.nz,"Auckland, Wellington, Christchurch"
Brenda,Smith,brenda.smith@whitecliffe.ac.nz,"Auckland, Wellington, Christchurch"
Jake,Taylor,jake.taylor@whitecliffe.ac.nz,"Auckland, Wellington, Christchurch"
Joe,House,joe.house@whitecliffe.ac.nz,"Auckland, Wellington, Christchurch"
Patrick,Powers,patrick.powers@whitecliffe.ac.nz,"Auckland, Wellington, Christchurch"
Tyler,Richard,tyler.richard@whitecliffe.ac.nz,"Auckland, Wellington, Christchurch"
Angela,Santana,angela.santana@whitecliffe.ac.nz,"Auckland, Wellington, Christchurch"
Jacob,Nash,jacob.nash@whitecliffe.ac.nz,"Auckland, Wellington, Christchurch"
Crystal,Fisher,crystal.fisher@whitecliffe.ac.nz,"Auckland, Wellington, Christchurch"
Christopher,Trujillo,christopher.trujillo@whitecliffe.ac.nz,"Auckland, Wellington, Christchurch"
Kristin,Smith,kristin.smith@whitecliffe.ac.nz,"Auckland, Wellington, Christchurch"
Johnathan,Kim,johnathan.kim@whitecliffe.ac.nz,"Auckland, Wellington, Christchurch"
Kimberly,Morris,kimberly.morris@whitecliffe.ac.nz,"Auckland, Wellington, Christchurch"
Edward,Cooper,edward.cooper@whitecliffe.ac.nz,"Auckland, Wellington, Christchurch"
Philip,Terrell,philip.terrell@whitecliffe.ac.nz,"Auckland, Wellington, Christchurch"
William,Guerra,william.guerra@whitecliffe.ac.nz,"Auckland, Wellington, Christchurch"
Megan,Guerrero,megan.guerrero@whitecliffe.ac.nz,"Auckland, Wellington, Christchurch"
Samantha,Jones,samantha.jones@whitecliffe.ac.nz,"Auckland, Wellington, Christchurch"
Danielle,Gonzalez,danielle.gonzalez@whitecliffe.ac.nz,"Auckland, Wellington, Christchurch"
Charlene,Cain,charlene.cain@whitecliffe.ac.nz,"Auckland, Wellington, Christchurch"
Justin,Wright,justin.wright@whitecliffe.ac.nz,"Auckland, Wellington, Christchurch"
Andrew,Rodriguez,andrew.rodriguez@whitecliffe.ac.nz,"Auckland, Wellington, Christchurch"
Richard,Kelly,richard.kelly@whitecliffe.ac.nz,"Auckland, Wellington, Christchurch"
James,Clark,james.clark@whitecliffe.ac.nz,"Auckland, Wellington, Christchurch"
Ashley,Harrison,ashley.harrison@whitecliffe.ac.nz,"Auckland, Wellington, Christchurch"
Leroy,Freeman,leroy.freeman@whitecliffe.ac.nz,"Auckland, Wellington, Christchurch"
Gregory,Murray,gregory.murray@whitecliffe.ac.nz,"Auckland, Wellington, Christchurch"
Anthony,Williams,anthony.williams@whitecliffe.ac.nz,"Auckland, Wellington, Christchurch"
Michael,Joseph,michael.joseph@whitecliffe.ac.nz,"Auckland, Wellington, Christchurch"
Michelle,Kennedy,michelle.kennedy@whitecliffe.ac.nz,"Auckland, Wellington, Christchurch"
Renee,Carlson,renee.carlson@whitecliffe.ac.nz,"Auckland, Wellington, Christchurch"
Brandon,Fischer,brandon.fischer@whitecliffe.ac.nz,"Auckland, Wellington, Christchurch"
Louis,Ellis,louis.ellis@whitecliffe.ac.nz,"Auckland, Wellington, Christchurch"
Jessica,Alvarado,jessica.alvarado@whitecliffe.ac.nz,"Auckland, Wellington, Christchurch"
Ryan,Ashley,ryan.ashley@whitecliffe.ac.nz,"Auckland, Wellington, Christchurch"
Allison,Moore,allison.moore@whitecliffe.ac.nz,"Auckland, Wellington, Christchurch"
Christina,Miller,christina.miller@whitecliffe.ac.nz,"Auckland, Wellington, Christchurch"
Gregory,Jones,gregory.jones@whitecliffe.ac.nz,"Auckland, Wellington, Christchurch"
Katie,Malone,katie.malone@whitecliffe.ac.nz,"Auckland, Wellington, Christchurch"
Tyler,Jones,tyler.jones@whitecliffe.ac.nz,"Auckland, Wellington, Christchurch"
Samantha,Miller,samantha.miller@whitecliffe.ac.nz,"Auckland, Wellington, Christchurch"
Diane,Salazar,diane.salazar@whitecliffe.ac.nz,"Auckland, Wellington, Christchurch"
Robert,Atkins,robert.atkins@whitecliffe.ac.nz,"Auckland, Wellington, Christchurch"
Wanda,Mccann,wanda.mccann@whitecliffe.ac.nz,"Auckland, Wellington, Christchurch"
Timothy,Norman,timothy.norman@whitecliffe.ac.nz,"Auckland, Wellington, Christchurch"
Jeanne,Fleming,jeanne.fleming@whitecliffe.ac.nz,"Auckland, Wellington, Christchurch"
Sherri,Montoya,sherri.montoya@whitecliffe.ac.nz,"Auckland, Wellington, Christchurch"
Allison,Dixon,allison.dixon@whitecliffe.ac.nz,"Auckland, Wellington, Christchurch"
Jennifer,Gross,jennifer.gross@whitecliffe.ac.nz,"Auckland, Wellington, Christchurch"
Anthony,Williams,anthony.williams@whitecliffe.ac.nz,"Auckland, Wellington, Christchurch"
Rodney,Jones,rodney.jones@whitecliffe.ac.nz,"Auckland, Wellington, Christchurch"
Rebecca,Edwards,rebecca.edwards@whitecliffe.ac.nz,"Auckland, Wellington, Christchurch"
Christopher,Medina,christopher.medina@whitecliffe.ac.nz,"Auckland, Wellington, Christchurch"
Megan,Cowan,megan.cowan@whitecliffe.ac.nz,"Auckland, Wellington, Christchurch"
Alex,Hamilton,alex.hamilton@whitecliffe.ac.nz,"Auckland, Wellington, Christchurch"
Brooke,Bradshaw,brooke.bradshaw@whitecliffe.ac.nz,"Auckland, Wellington, Christchurch"
Michelle,Ortiz,michelle.ortiz@whitecliffe.ac.nz,"Auckland, Wellington, Christchurch"
Lisa,Hoffman,lisa.hoffman@whitecliffe.ac.nz,"Auckland, Wellington, Christchurch"
Jeanette,Hernandez,jeanette.hernandez@whitecliffe.ac.nz,"Auckland, Wellington, Christchurch"
Daniel,Holmes,daniel.holmes@whitecliffe.ac.nz,"Auckland, Wellington, Christchurch"
Joseph,Davis,joseph.davis@whitecliffe.ac.nz,"Auckland, Wellington, Christchurch"
Sandra,Roberts,sandra.roberts@whitecliffe.ac.nz,"Auckland, Wellington, Christchurch"
Jimmy,Davis,jimmy.davis@whitecliffe.ac.nz,"Auckland, Wellington, Christchurch"
Donald,Tucker,donald.tucker@whitecliffe.ac.nz,"Auckland, Wellington, Christchurch"
Samuel,Ferguson,samuel.ferguson@whitecliffe.ac.nz,"Auckland, Wellington, Christchurch"
Christopher,Thomas,christopher.thomas@whitecliffe.ac.nz,"Auckland, Wellington, Christchurch"
Christopher,Romero,christopher.romero@whitecliffe.ac.nz,"Auckland, Wellington, Christchurch"
Jeremy,Moore,jeremy.moore@whitecliffe.ac.nz,"Auckland, Wellington, Christchurch"
Robert,Salas,robert.salas@whitecliffe.ac.nz,"Auckland, Wellington, Christchurch"
Judy,Oliver,judy.oliver@whitecliffe.ac.nz,"Auckland, Wellington, Christchurch"
Candace,Smith,candace.smith@whitecliffe.ac.nz,"Auckland, Wellington, Christchurch"
Seth,Moore,seth.moore@whitecliffe.ac.nz,"Auckland, Wellington, Christchurch"
Michelle,Kelley,michelle.kelley@whitecliffe.ac.nz,"Auckland, Wellington, Christchurch"
Virginia,Bond,virginia.bond@whitecliffe.ac.nz,"Auckland, Wellington, Christchurch"
Elizabeth,Cooper,elizabeth.cooper@whitecliffe.ac.nz,"Auckland, Wellington, Christchurch"
Gordon,Johnson,gordon.johnson@whitecliffe.ac.nz,"Auckland, Wellington, Christchurch"
Ashley,Price,ashley.price@whitecliffe.ac.nz,"Auckland, Wellington, Christchurch"
Tyler,Peterson,tyler.peterson@whitecliffe.ac.nz,"Auckland, Wellington, Christchurch"
Vanessa,Reynolds,vanessa.reynolds@whitecliffe.ac.nz,"Auckland, Wellington, Christchurch"
Kelsey,Zavala,kelsey.zavala@whitecliffe.ac.nz,"Auckland, Wellington, Christchurch"
David,Martin,david.martin@whitecliffe.ac.nz,"Auckland, Wellington, Christchurch"
Alison,Hughes,alison.hughes@whitecliffe.ac.nz,"Auckland, Wellington, Christchurch"
Brenda,Hooper,brenda.hooper@whitecliffe.ac.nz,"Auckland, Wellington, Christchurch"
Oscar,Gonzalez,oscar.gonzalez@whitecliffe.ac.nz,"Auckland, Wellington, Christchurch"
Kelly,Nelson,kelly.nelson@whitecliffe.ac.nz,"Auckland, Wellington, Christchurch"
James,Long,james.long@whitecliffe.ac.nz,"Auckland, Wellington, Christchurch"
Grace,Woods,grace.woods@whitecliffe.ac.nz,"Auckland, Wellington, Christchurch"
Daniel,Clarke,daniel.clarke@whitecliffe.ac.nz,"Auckland, Wellington, Christchurch"
Nicholas,Sanchez,nicholas.sanchez@whitecliffe.ac.nz,"Auckland, Wellington, Christchurch"
David,Hicks,david.hicks@whitecliffe.ac.nz,"Auckland, Wellington, Christchurch"
Don,Williams,don.williams@whitecliffe.ac.nz,"Auckland, Wellington, Christchurch"
Christopher,Ruiz,christopher.ruiz@whitecliffe.ac.nz,"Auckland, Wellington, Christchurch"
Jesse,Ortiz,jesse.ortiz@whitecliffe.ac.nz,"Auckland, Wellington, Christchurch"
Daniel,Ross,daniel.ross@whitecliffe.ac.nz,"Auckland, Wellington, Christchurch"
Stephanie,Blanchard,stephanie.blanchard@whitecliffe.ac.nz,"Auckland, Wellington, Christchurch"
Bonnie,Beasley,bonnie.beasley@whitecliffe.ac.nz,"Auckland, Wellington, Christchurch"
Brenda,Monroe,brenda.monroe@whitecliffe.ac.nz,"Auckland, Wellington, Christchurch"
Joshua,Wyatt,joshua.wyatt@whitecliffe.ac.nz,"Auckland, Wellington, Christchurch"
Timothy,Newman,timothy.newman@whitecliffe.ac.nz,"Auckland, Wellington, Christchurch"
Erica,Sanders,erica.sanders@whitecliffe.ac.nz,"Auckland, Wellington, Christchurch"
John,Hernandez,john.hernandez@whitecliffe.ac.nz,"Auckland, Wellington, Christchurch"
Rachel,Bryant,rachel.bryant@whitecliffe.ac.nz,"Auckland, Wellington, Christchurch"
Joseph,Harris,joseph.harris@whitecliffe.ac.nz,"Auckland, Wellington, Christchurch"
Matthew,Haynes,matthew.haynes@whitecliffe.ac.nz,"Auckland, Wellington, Christchurch"
Derek,Larson,derek.larson@whitecliffe.ac.nz,"Auckland, Wellington, Christchurch"
Maria,Rhodes,maria.rhodes@whitecliffe.ac.nz,"Auckland, Wellington, Christchurch"
Ian,Morrow,ian.morrow@whitecliffe.ac.nz,"Auckland, Wellington, Christchurch"
Sean,Flores,sean.flores@whitecliffe.ac.nz,"Auckland, Wellington, Christchurch"
David,Wade,david.wade@whitecliffe.ac.nz,"Auckland, Wellington, Christchurch"
Renee,Garcia,renee.garcia@whitecliffe.ac.nz,"Auckland, Wellington, Christchurch"
Randy,Ellis,randy.ellis@whitecliffe.ac.nz,"Auckland, Wellington, Christchurch"
Monica,Clark,monica.clark@whitecliffe.ac.nz,"Auckland, Wellington, Christchurch"
Lisa,Ritter,lisa.ritter@whitecliffe.ac.nz,"Auckland, Wellington, Christchurch"
Christopher,Weiss,christopher.weiss@whitecliffe.ac.nz,"Auckland, Wellington, Christchurch"
Samuel,Travis,samuel.travis@whitecliffe.ac.nz,"Auckland, Wellington, Christchurch"
David,Dennis,david.dennis@whitecliffe.ac.nz,"Auckland, Wellington, Christchurch"
Amanda,Ray,amanda.ray@whitecliffe.ac.nz,"Auckland, Wellington, Christchurch"
William,Cain,william.cain@whitecliffe.ac.nz,"Auckland, Wellington, Christchurch"
Brooke,Williamson,brooke.williamson@whitecliffe.ac.nz,"Auckland, Wellington, Christchurch"
Daniel,Green,daniel.green@whitecliffe.ac.nz,"Auckland, Wellington, Christchurch"
Jacqueline,Jones,jacqueline.jones@whitecliffe.ac.nz,"Auckland, Wellington, Christchurch"
Danny,Spencer,danny.spencer@whitecliffe.ac.nz,"Auckland, Wellington, Christchurch"
Patricia,Torres,patricia.torres@whitecliffe.ac.nz,"Auckland, Wellington, Christchurch"
Courtney,Johnson,courtney.johnson@whitecliffe.ac.nz,"Auckland, Wellington, Christchurch"
Robert,Forbes,robert.forbes@whitecliffe.ac.nz,"Auckland, Wellington, Christchurch"
Aaron,Ward,aaron.ward@whitecliffe.ac.nz,"Auckland, Wellington, Christchurch"
Nathan,Grant,nathan.grant@whitecliffe.ac.nz,"Auckland, Wellington, Christchurch"
Ryan,Novak,ryan.novak@whitecliffe.ac.nz,"Auckland, Wellington, Christchurch"
Nicholas,Blackburn,nicholas.blackburn@whitecliffe.ac.nz,"Auckland, Wellington, Christchurch"
Angela,Campbell,angela.campbell@whitecliffe.ac.nz,"Auckland, Wellington, Christchurch"
John,Jackson,john.jackson@whitecliffe.ac.nz,"Auckland, Wellington, Christchurch"
Kevin,Brown,kevin.brown@whitecliffe.ac.nz,"Auckland, Wellington, Christchurch"
Diana,Stuart,diana.stuart@whitecliffe.ac.nz,"Auckland, Wellington, Christchurch"
Mark,Moore,mark.moore@whitecliffe.ac.nz,"Auckland, Wellington, Christchurch"
Kevin,Mcdowell,kevin.mcdowell@whitecliffe.ac.nz,"Auckland, Wellington, Christchurch"
Morgan,Goodman,morgan.goodman@whitecliffe.ac.nz,"Auckland, Wellington, Christchurch"
Kristen,Fletcher,kristen.fletcher@whitecliffe.ac.nz,"Auckland, Wellington, Christchurch"
Cassidy,Hernandez,cassidy.hernandez@whitecliffe.ac.nz,"Auckland, Wellington, Christchurch"
Fred,Davis,fred.davis@whitecliffe.ac.nz,"Auckland, Wellington, Christchurch"
Tiffany,Vargas,tiffany.vargas@whitecliffe.ac.nz,"Auckland, Wellington, Christchurch"
Michele,Smith,michele.smith@whitecliffe.ac.nz,"Auckland, Wellington, Christchurch"
Paula,Garcia,paula.garcia@whitecliffe.ac.nz,"Auckland, Wellington, Christchurch"
Benjamin,Wallace,benjamin.wallace@whitecliffe.ac.nz,"Auckland, Wellington, Christchurch"
Bradley,Martinez,bradley.martinez@whitecliffe.ac.nz,"Auckland, Wellington, Christchurch"
Nicholas,Anderson,nicholas.anderson@whitecliffe.ac.nz,"Auckland, Wellington, Christchurch"
Cynthia,Jones,cynthia.jones@whitecliffe.ac.nz,"Auckland, Wellington, Christchurch"
Madeline,Wong,madeline.wong@whitecliffe.ac.nz,"Auckland, Wellington, Christchurch"
Tracey,Martinez,tracey.martinez@whitecliffe.ac.nz,"Auckland, Wellington, Christchurch"
Cameron,Hatfield,cameron.hatfield@whitecliffe.ac.nz,"Auckland, Wellington, Christchurch"
Denise,Wheeler,denise.wheeler@whitecliffe.ac.nz,"Auckland, Wellington, Christchurch"
Holly,Carr,holly.carr@whitecliffe.ac.nz,"Auckland, Wellington, Christchurch"
Elizabeth,Coleman,elizabeth.coleman@whitecliffe.ac.nz,"Auckland, Wellington, Christchurch"
Frank,Green,frank.green@whitecliffe.ac.nz,"Auckland, Wellington, Christchurch"
John,Young,john.young@whitecliffe.ac.nz,"Auckland, Wellington, Christchurch"
Frank,Stevenson,frank.stevenson@whitecliffe.ac.nz,"Auckland, Wellington, Christchurch"
Nicole,Ortiz,nicole.ortiz@whitecliffe.ac.nz,"Auckland, Wellington, Christchurch"
Nicole,Richards,nicole.richards@whitecliffe.ac.nz,"Auckland, Wellington, Christchurch"
James,Jones,james.jones@whitecliffe.ac.nz,"Auckland, Wellington, Christchurch"
Kevin,Bush,kevin.bush@whitecliffe.ac.nz,"Auckland, Wellington, Christchurch"
Robert,Page,robert.page@whitecliffe.ac.nz,"Auckland, Wellington, Christchurch"
Erica,Gonzales,erica.gonzales@whitecliffe.ac.nz,"Auckland, Wellington, Christchurch"
Katherine,Gutierrez,katherine.gutierrez@whitecliffe.ac.nz,"Auckland, Wellington, Christchurch"
Marc,Li,marc.li@whitecliffe.ac.nz,"Auckland, Wellington, Christchurch"
Michael,Neal,michael.neal@whitecliffe.ac.nz,"Auckland, Wellington, Christchurch"
Charles,Foley,charles.foley@whitecliffe.ac.nz,"Auckland, Wellington, Christchurch"
Paul,Johnson,paul.johnson@whitecliffe.ac.nz,"Auckland, Wellington, Christchurch"
Nicole,Beck,nicole.beck@whitecliffe.ac.nz,"Auckland, Wellington, Christchurch"
Sarah,Jacobs,sarah.jacobs@whitecliffe.ac.nz,"Auckland, Wellington, Christchurch"
Dylan,Carrillo,dylan.carrillo@whitecliffe.ac.nz,"Auckland, Wellington, Christchurch"
Keith,Moore,keith.moore@whitecliffe.ac.nz,"Auckland, Wellington, Christchurch"
Angelica,Moses,angelica.moses@whitecliffe.ac.nz,"Auckland, Wellington, Christchurch"
James,Thomas,james.thomas@whitecliffe.ac.nz,"Auckland, Wellington, Christchurch"
Matthew,Dillon,matthew.dillon@whitecliffe.ac.nz,"Auckland, Wellington, Christchurch"
Katie,Christian,katie.christian@whitecliffe.ac.nz,"Auckland, Wellington, Christchurch"
Aaron,Hart,aaron.hart@whitecliffe.ac.nz,"Auckland, Wellington, Christchurch"
Anthony,Cordova,anthony.cordova@whitecliffe.ac.nz,"Auckland, Wellington, Christchurch"
Jennifer,Peters,jennifer.peters@whitecliffe.ac.nz,"Auckland, Wellington, Christchurch"
Christine,Mckee,christine.mckee@whitecliffe.ac.nz,"Auckland, Wellington, Christchurch"
Jane,Sanders,jane.sanders@whitecliffe.ac.nz,"Auckland, Wellington, Christchurch"
Tara,Schmidt,tara.schmidt@whitecliffe.ac.nz,"Auckland, Wellington, Christchurch"
Amy,Johnson,amy.johnson@whitecliffe.ac.nz,"Auckland, Wellington, Christchurch"
Christine,Chavez,christine.chavez@whitecliffe.ac.nz,"Auckland, Wellington, Christchurch"
Christine,Love,christine.love@whitecliffe.ac.nz,"Auckland, Wellington, Christchurch"
Jennifer,James,jennifer.james@whitecliffe.ac.nz,"Auckland, Wellington, Christchurch"
Vicki,Nolan,vicki.nolan@whitecliffe.ac.nz,"Auckland, Wellington, Christchurch"
Brandi,Keller,brandi.keller@whitecliffe.ac.nz,"Auckland, Wellington, Christchurch"
Tyler,Dean,tyler.dean@whitecliffe.ac.nz,"Auckland, Wellington, Christchurch"
Alex,Fuller,alex.fuller@whitecliffe.ac.nz,"Auckland, Wellington, Christchurch"
Johnny,Bowen,johnny.bowen@whitecliffe.ac.nz,"Auckland, Wellington, Christchurch"
Elaine,Hartman,elaine.hartman@whitecliffe.ac.nz,"Auckland, Wellington, Christchurch"
Scott,Roberts,scott.roberts@whitecliffe.ac.nz,"Auckland, Wellington, Christchurch"
Troy,Jones,troy.jones@whitecliffe.ac.nz,"Auckland, Wellington, Christchurch"
Nicholas,Hurley,nicholas.hurley@whitecliffe.ac.nz,"Auckland, Wellington, Christchurch"
Danny,Fletcher,danny.fletcher@whitecliffe.ac.nz,"Auckland, Wellington, Christchurch"
Diana,Wood,diana.wood@whitecliffe.ac.nz,"Auckland, Wellington, Christchurch"
Ryan,Randall,ryan.randall@whitecliffe.ac.nz,"Auckland, Wellington, Christchurch"
Courtney,Johnson,courtney.johnson@whitecliffe.ac.nz,"Auckland, Wellington, Christchurch"
James,Sanders,james.sanders@whitecliffe.ac.nz,"Auckland, Wellington, Christchurch"
Taylor,Spence,taylor.spence@whitecliffe.ac.nz,"Auckland, Wellington, Christchurch"
Tonya,Gray,tonya.gray@whitecliffe.ac.nz,"Auckland, Wellington, Christchurch"
Becky,Anderson,becky.anderson@whitecliffe.ac.nz,"Auckland, Wellington, Christchurch"
Renee,Huerta,renee.huerta@whitecliffe.ac.nz,"Auckland, Wellington, Christchurch"
Linda,Berry,linda.berry@whitecliffe.ac.nz,"Auckland, Wellington, Christchurch"
Andrew,Herrera,andrew.herrera@whitecliffe.ac.nz,"Auckland, Wellington, Christchurch"
Patrick,Garcia,patrick.garcia@whitecliffe.ac.nz,"Auckland, Wellington, Christchurch"
Timothy,Henderson,timothy.henderson@whitecliffe.ac.nz,"Auckland, Wellington, Christchurch"
Sandra,Franco,sandra.franco@whitecliffe.ac.nz,"Auckland, Wellington, Christchurch"
Aaron,Obrien,aaron.obrien@whitecliffe.ac.nz,"Auckland, Wellington, Christchurch"
Amy,Hooper,amy.hooper@whitecliffe.ac.nz,"Auckland, Wellington, Christchurch"
Anna,Miller,anna.miller@whitecliffe.ac.nz,"Auckland, Wellington, Christchurch"
Andrew,Allen,andrew.allen@whitecliffe.ac.nz,"Auckland, Wellington, Christchurch"
Ashley,Christian,ashley.christian@whitecliffe.ac.nz,"Auckland, Wellington, Christchurch"
Anthony,Lawrence,anthony.lawrence@whitecliffe.ac.nz,"Auckland, Wellington, Christchurch"
Ellen,Gutierrez,ellen.gutierrez@whitecliffe.ac.nz,"Auckland, Wellington, Christchurch"
Jerry,Davies,jerry.davies@whitecliffe.ac.nz,"Auckland, Wellington, Christchurch"
Tonya,Hickman,tonya.hickman@whitecliffe.ac.nz,"Auckland, Wellington, Christchurch"
Donna,Alvarez,donna.alvarez@whitecliffe.ac.nz,"Auckland, Wellington, Christchurch"
Christine,Mendoza,christine.mendoza@whitecliffe.ac.nz,"Auckland, Wellington, Christchurch"
Dawn,Cole,dawn.cole@whitecliffe.ac.nz,"Auckland, Wellington, Christchurch"
Tyler,Brown,tyler.brown@whitecliffe.ac.nz,"Auckland, Wellington, Christchurch"
Sarah,Smith,sarah.smith@whitecliffe.ac.nz,"Auckland, Wellington, Christchurch"
Yolanda,Camacho,yolanda.camacho@whitecliffe.ac.nz,"Auckland, Wellington, Christchurch"
Danielle,Rowe,danielle.rowe@whitecliffe.ac.nz,"Auckland, Wellington, Christchurch"
Jennifer,Barton,jennifer.barton@whitecliffe.ac.nz,"Auckland, Wellington, Christchurch"
Robert,Jordan,robert.jordan@whitecliffe.ac.nz,"Auckland, Wellington, Christchurch"
Lisa,Elliott,lisa.elliott@whitecliffe.ac.nz,"Auckland, Wellington, Christchurch"
Dawn,Marquez,dawn.marquez@whitecliffe.ac.nz,"Auckland, Wellington, Christchurch"
Andrew,Marshall,andrew.marshall@whitecliffe.ac.nz,"Auckland, Wellington, Christchurch"
Sydney,Cooper,sydney.cooper@whitecliffe.ac.nz,"Auckland, Wellington, Christchurch"
Angela,Rodriguez,angela.rodriguez@whitecliffe.ac.nz,"Auckland, Wellington, Christchurch"
Julie,Wyatt,julie.wyatt@whitecliffe.ac.nz,"Auckland, Wellington, Christchurch"
Jessica,Gonzalez,jessica.gonzalez@whitecliffe.ac.nz,"Auckland, Wellington, Christchurch"
Denise,Dalton,denise.dalton@whitecliffe.ac.nz,"Auckland, Wellington, Christchurch"
Cody,Wilson,cody.wilson@whitecliffe.ac.nz,"Auckland, Wellington, Christchurch"
John,Mckinney,john.mckinney@whitecliffe.ac.nz,"Auckland, Wellington, Christchurch"
Regina,Sanchez,regina.sanchez@whitecliffe.ac.nz,"Auckland, Wellington, Christchurch"
Nicholas,Reeves,nicholas.reeves@whitecliffe.ac.nz,"Auckland, Wellington, Christchurch"
Erica,Benson,erica.benson@whitecliffe.ac.nz,"Auckland, Wellington, Christchurch"
Carmen,Norman,carmen.norman@whitecliffe.ac.nz,"Auckland, Wellington, Christchurch"
Luis,Joyce,luis.joyce@whitecliffe.ac.nz,"Auckland, Wellington, Christchurch"
Emma,Hawkins,emma.hawkins@whitecliffe.ac.nz,"Auckland, Wellington, Christchurch"
John,Farley,john.farley@whitecliffe.ac.nz,"Auckland, Wellington, Christchurch"
Mark,Williams,mark.williams@whitecliffe.ac.nz,"Auckland, Wellington, Christchurch"
Cassandra,Rice,cassandra.rice@whitecliffe.ac.nz,"Auckland, Wellington, Christchurch"
Kyle,Clark,kyle.clark@whitecliffe.ac.nz,"Auckland, Wellington, Christchurch"
Jesus,Perez,jesus.perez@whitecliffe.ac.nz,"Auckland, Wellington, Christchurch"
Christopher,Vang,christopher.vang@whitecliffe.ac.nz,"Auckland, Wellington, Christchurch"
Nathaniel,Aguilar,nathaniel.aguilar@whitecliffe.ac.nz,"Auckland, Wellington, Christchurch"
Elizabeth,Peck,elizabeth.peck@whitecliffe.ac.nz,"Auckland, Wellington, Christchurch"
Joshua,Baird,joshua.baird@whitecliffe.ac.nz,"Auckland, Wellington, Christchurch"
Logan,Wood,logan.wood@whitecliffe.ac.nz,"Auckland, Wellington, Christchurch"
Marisa,Thornton,marisa.thornton@whitecliffe.ac.nz,"Auckland, Wellington, Christchurch"
Michelle,Meadows,michelle.meadows@whitecliffe.ac.nz,"Auckland, Wellington, Christchurch"
Laura,Colon,laura.colon@whitecliffe.ac.nz,"Auckland, Wellington, Christchurch"
Jessica,Thompson,jessica.thompson@whitecliffe.ac.nz,"Auckland, Wellington, Christchurch"
Marissa,Watson,marissa.watson@whitecliffe.ac.nz,"Auckland, Wellington, Christchurch"
Jason,Coleman,jason.coleman@whitecliffe.ac.nz,"Auckland, Wellington, Christchurch"
Daniel,Hill,daniel.hill@whitecliffe.ac.nz,"Auckland, Wellington, Christchurch"
Monica,Roy,monica.roy@whitecliffe.ac.nz,"Auckland, Wellington, Christchurch"
Dustin,Richardson,dustin.richardson@whitecliffe.ac.nz,"Auckland, Wellington, Christchurch"
Danielle,Chan,danielle.chan@whitecliffe.ac.nz,"Auckland, Wellington, Christchurch"
Ann,Bauer,ann.bauer@whitecliffe.ac.nz,"Auckland, Wellington, Christchurch"
Scott,Henderson,scott.henderson@whitecliffe.ac.nz,"Auckland, Wellington, Christchurch"
Debra,Smith,debra.smith@whitecliffe.ac.nz,"Auckland, Wellington, Christchurch"
Annette,Hogan,annette.hogan@whitecliffe.ac.nz,"Auckland, Wellington, Christchurch"
Jacob,Payne,jacob.payne@whitecliffe.ac.nz,"Auckland, Wellington, Christchurch"
Kevin,Barr,kevin.barr@whitecliffe.ac.nz,"Auckland, Wellington, Christchurch"
Carrie,Thomas,carrie.thomas@whitecliffe.ac.nz,"Auckland, Wellington, Christchurch"
Joshua,Jones,joshua.jones@whitecliffe.ac.nz,"Auckland, Wellington, Christchurch"
Daniel,Sanchez,daniel.sanchez@whitecliffe.ac.nz,"Auckland, Wellington, Christchurch"
Peggy,Garcia,peggy.garcia@whitecliffe.ac.nz,"Auckland, Wellington, Christchurch"
Jennifer,Sanchez,jennifer.sanchez@whitecliffe.ac.nz,"Auckland, Wellington, Christchurch"
Ashley,Christensen,ashley.christensen@whitecliffe.ac.nz,"Auckland, Wellington, Christchurch"
Jason,Torres,jason.torres@whitecliffe.ac.nz,"Auckland, Wellington, Christchurch"
